{"entity":{"description":"To predict the most appropriate NSAP scheme for an applicant based on their \ndemographic data","name":"Multiclass Classification","scope":{"bss_account_id":"193388b6cb6a4559ad22406c82d7ebe8"},"settings":{"access_restrictions":{"reporting":{"authorized":false}}},"stage":{"name":"","production":false},"status":{"state":"active"},"storage":{"type":"bmcos_object_storage"},"type":"cpd"},"metadata":{"created_at":"2025-08-01T17:24:05.677Z","creator_id":"IBMid-6950010K0P","id":"5a6cd541-a0c9-4e74-bb8e-91531219414e","updated_at":"2025-08-01T17:25:38.185Z","url":"/v2/spaces/5a6cd541-a0c9-4e74-bb8e-91531219414e"},"is_encrypted":false,"deployment_source":"cloud","version":"1.2.0.cloud"}
